date,chain_id,token_pair,loan_amount_usd,gross_revenue_usd,gas_cost_usd,bridge_fee_usd,flash_loan_fee_usd,net_profit_usd,is_profitable,success_probability,executed,ml_optimized
2025-12-06,137,USDC/WETH,19400.0,20361.705367021117,421.2,2.5,0.0,-421.2,False,0.8899223999999999,True,True
2025-12-06,137,USDC/WETH,19400.0,20391.107550601184,421.2,2.5,0.0,373.40755060118386,True,0.8899223999999999,True,True
2025-12-06,137,USDC/WETH,19400.0,20550.111451312885,421.2,2.5,0.0,532.411451312885,True,0.8899223999999999,True,True
2025-12-06,137,USDC/WETH,19325.19090801395,20095.217719624638,421.2,2.5,0.0,153.0749025305496,True,0.8899226992363678,True,True
2025-12-06,137,USDC/WETH,19400.0,20193.2163086632,421.2,2.5,0.0,-421.2,False,0.8899223999999999,True,True
2025-12-06,137,USDC/WETH,17166.569404088605,17774.179930079103,421.2,2.5,0.0,12.244831949611921,True,0.8899313337223835,True,True
2025-12-06,137,USDC/WETH,19400.0,20219.034901521096,421.2,2.5,0.0,201.33490152109584,True,0.8899223999999999,True,True
2025-12-06,137,USDC/WETH,19400.0,20304.769183492182,421.2,2.5,0.0,287.06918349218245,True,0.8899223999999999,True,True
2025-12-06,137,USDC/WETH,18411.998164327022,19110.970692993375,421.2,2.5,0.0,-421.2,False,0.8899263520073426,True,True
2025-12-06,137,USDC/WETH,19400.0,20480.491495438167,421.2,2.5,0.0,462.79149543816743,True,0.8899223999999999,True,True
2025-12-06,137,USDC/WETH,19400.0,20388.799597619036,421.2,2.5,0.0,-421.2,False,0.8899223999999999,True,True
2025-12-06,137,USDC/WETH,19400.0,20244.41857310925,421.2,2.5,0.0,226.7185731092511,True,0.8899223999999999,True,True
2025-12-06,137,USDC/WETH,19400.0,20482.998428392762,421.2,2.5,0.0,465.2984283927624,True,0.8899223999999999,True,True
2025-12-06,137,USDC/WETH,19400.0,20224.052925688848,421.2,2.5,0.0,206.35292568884756,True,0.8899223999999999,True,True
2025-12-06,137,USDC/WETH,19400.0,20451.14096202017,421.2,2.5,0.0,-421.2,False,0.8899223999999999,True,True
2025-12-06,137,USDC/WETH,19400.0,20190.666481899854,421.2,2.5,0.0,172.96648189985422,True,0.8899223999999999,True,True
2025-12-06,137,USDC/WETH,19400.0,20297.936232118984,421.2,2.5,0.0,280.2362321189837,True,0.8899223999999999,True,True
2025-12-06,137,USDC/WETH,19400.0,20489.764856622995,421.2,2.5,0.0,472.0648566229945,True,0.8899223999999999,True,True
2025-12-06,137,USDC/WETH,19400.0,20529.33807449774,421.2,2.5,0.0,511.63807449774026,True,0.8899223999999999,True,True
2025-12-06,137,USDC/WETH,19400.0,20278.81959272759,421.2,2.5,0.0,261.11959272758827,True,0.8899223999999999,True,True
2025-12-06,137,USDC/WETH,19400.0,20192.936731735543,421.2,2.5,0.0,175.23673173554266,True,0.8899223999999999,True,True
2025-12-06,137,USDC/WETH,19400.0,20399.34609131461,421.2,2.5,0.0,381.64609131460816,True,0.8899223999999999,True,True
2025-12-06,137,USDC/WETH,19400.0,20538.876424139315,421.2,2.5,0.0,521.1764241393146,True,0.8899223999999999,True,True
2025-12-06,137,USDC/WETH,19400.0,20332.23022476587,421.2,2.5,0.0,314.5302247658699,True,0.8899223999999999,True,True
2025-12-06,137,USDC/WETH,19400.0,20424.087225870964,421.2,2.5,0.0,406.38722587096413,True,0.8899223999999999,True,True
2025-12-06,137,USDC/WETH,17680.86696208872,18325.429965245585,421.2,2.5,0.0,44.05433353597812,True,0.8899292765321516,True,True
2025-12-06,137,USDC/WETH,19400.0,20325.498161451884,421.2,2.5,0.0,307.79816145188374,True,0.8899223999999999,True,True
2025-12-06,137,USDC/WETH,19400.0,20340.780432689204,421.2,2.5,0.0,323.0804326892037,True,0.8899223999999999,True,True
2025-12-06,137,USDC/WETH,19400.0,20322.89170889529,421.2,2.5,0.0,305.1917088952912,True,0.8899223999999999,True,True
2025-12-06,137,USDC/WETH,19400.0,20538.668118322847,421.2,2.5,0.0,520.9681183228465,True,0.8899223999999999,True,True
2025-12-06,137,USDC/WETH,19400.0,20340.314942666162,421.2,2.5,0.0,322.61494266616205,True,0.8899223999999999,True,True
2025-12-06,137,USDC/WETH,19400.0,20255.87098900188,421.2,2.5,0.0,238.1709890018799,True,0.8899223999999999,True,True
2025-12-06,137,USDC/WETH,19400.0,20270.007239105038,421.2,2.5,0.0,252.30723910503798,True,0.8899223999999999,True,True
2025-12-06,137,USDC/WETH,19400.0,20404.66664509507,421.2,2.5,0.0,386.96664509506877,True,0.8899223999999999,True,True
2025-12-06,137,USDC/WETH,19400.0,20463.525866250555,421.2,2.5,0.0,445.8258662505548,True,0.8899223999999999,True,True
2025-12-06,137,USDC/WETH,19400.0,20222.16643461826,421.2,2.5,0.0,204.46643461825875,True,0.8899223999999999,True,True
2025-12-06,137,USDC/WETH,19400.0,20465.006508844654,421.2,2.5,0.0,447.30650884465354,True,0.8899223999999999,True,True
2025-12-06,137,USDC/WETH,17891.312068492574,18551.310104641416,421.2,2.5,0.0,57.38491546391572,True,0.8899284347517259,True,True
2025-12-06,137,USDC/WETH,19400.0,20306.679165334255,421.2,2.5,0.0,288.9791653342552,True,0.8899223999999999,True,True
2025-12-06,137,USDC/WETH,19400.0,20438.772256371474,421.2,2.5,0.0,421.07225637147417,True,0.8899223999999999,True,True
2025-12-06,137,USDC/WETH,19400.0,20181.786532921862,421.2,2.5,0.0,164.08653292186204,True,0.8899223999999999,True,True
2025-12-06,137,USDC/WETH,19400.0,20517.816793433754,421.2,2.5,0.0,500.1167934337543,True,0.8899223999999999,True,True
2025-12-06,137,USDC/WETH,19400.0,20506.371804478953,421.2,2.5,0.0,-421.2,False,0.8899223999999999,True,True
2025-12-06,137,USDC/WETH,18558.272373808304,19268.394999582444,421.2,2.5,0.0,100.83990203605697,True,0.8899257669105046,True,True
2025-12-06,137,USDC/WETH,19400.0,20464.4804378135,421.2,2.5,0.0,-421.2,False,0.8899223999999999,True,True
2025-12-06,137,USDC/WETH,19400.0,20559.28952176492,421.2,2.5,0.0,-421.2,False,0.8899223999999999,True,True
2025-12-06,137,USDC/WETH,19400.0,20193.150986773446,421.2,2.5,0.0,175.45098677344572,True,0.8899223999999999,True,True
2025-12-06,137,USDC/WETH,19400.0,20536.83654224879,421.2,2.5,0.0,519.1365422487913,True,0.8899223999999999,True,True
2025-12-06,137,USDC/WETH,18597.411272791906,19310.532316192664,421.2,2.5,0.0,103.44693067283993,True,0.8899256103549087,True,True
2025-12-06,137,USDC/WETH,19400.0,20270.13621133501,421.2,2.5,0.0,-421.2,False,0.8899223999999999,True,True
2025-12-06,137,USDC/WETH,17787.28014906968,18439.62516989749,421.2,2.5,0.0,50.77221933711144,True,0.8899288508794037,True,True
2025-12-06,137,USDC/WETH,17753.61098590368,18403.48872412801,421.2,2.5,0.0,48.641628365291126,True,0.8899289855560563,True,True
2025-12-06,137,USDC/WETH,19400.0,20414.361063843604,421.2,2.5,0.0,-421.2,False,0.8899223999999999,True,True
2025-12-06,137,USDC/WETH,19400.0,20434.291599678563,421.2,2.5,0.0,416.59159967856317,True,0.8899223999999999,True,True
2025-12-06,137,USDC/WETH,19400.0,20247.956890516576,421.2,2.5,0.0,230.25689051657605,True,0.8899223999999999,True,True
2025-12-06,137,USDC/WETH,19400.0,20342.82079642622,421.2,2.5,0.0,325.12079642621825,True,0.8899223999999999,True,True
2025-12-06,137,USDC/WETH,19400.0,20260.430575037008,421.2,2.5,0.0,242.7305750370076,True,0.8899223999999999,True,True
2025-12-06,137,USDC/WETH,19400.0,20451.76430273267,421.2,2.5,0.0,434.0643027326703,True,0.8899223999999999,True,True
2025-12-06,137,USDC/WETH,19400.0,20443.37551948588,421.2,2.5,0.0,425.67551948587857,True,0.8899223999999999,True,True
2025-12-06,137,USDC/WETH,17656.446246628366,18299.22994572131,421.2,2.5,0.0,42.519236626658994,True,0.8899293742150134,True,True
2025-12-06,137,USDC/WETH,19400.0,20269.850791778077,421.2,2.5,0.0,-421.2,False,0.8899223999999999,True,True
2025-12-06,137,USDC/WETH,19061.62119381384,19810.786972239515,421.2,2.5,0.0,134.84956648753655,True,0.8899237535152247,True,True
2025-12-06,137,USDC/WETH,19400.0,20316.94301738588,421.2,2.5,0.0,299.24301738587815,True,0.8899223999999999,True,True
2025-12-06,137,USDC/WETH,19400.0,20407.98651692753,421.2,2.5,0.0,390.28651692752896,True,0.8899223999999999,True,True
2025-12-06,137,USDC/WETH,17848.257724641982,18505.083093312587,421.2,2.5,0.0,-421.2,False,0.8899286069691014,True,True
2025-12-06,137,USDC/WETH,19400.0,20434.78531331828,421.2,2.5,0.0,417.08531331827976,True,0.8899223999999999,True,True
2025-12-06,137,USDC/WETH,18276.91126857705,18965.664846967644,421.2,2.5,0.0,82.28446570482458,True,0.8899268923549256,True,True
2025-12-06,137,USDC/WETH,19400.0,20382.008641919867,421.2,2.5,0.0,364.3086419198669,True,0.8899223999999999,True,True
2025-12-07,137,USDC/WETH,19380.0,20387.98588133991,435.23999999999995,2.5,0.0,376.44588133991147,True,0.8879224799999998,True,True
2025-12-07,137,USDC/WETH,18115.33322731693,18792.660983636295,435.23999999999995,2.5,0.0,58.434424046196796,True,0.8879275386670906,True,True
2025-12-07,137,USDC/WETH,19380.0,20435.927156345595,435.23999999999995,2.5,0.0,424.38715634559503,True,0.8879224799999998,True,True
2025-12-07,137,USDC/WETH,19380.0,20365.147146407962,435.23999999999995,2.5,0.0,353.6071464079623,True,0.8879224799999998,True,True
2025-12-07,137,USDC/WETH,19380.0,20205.773482339366,435.23999999999995,2.5,0.0,-435.23999999999995,False,0.8879224799999998,True,True
2025-12-07,137,USDC/WETH,19380.0,20488.30992044134,435.23999999999995,2.5,0.0,476.7699204413411,True,0.8879224799999998,True,True
2025-12-07,137,USDC/WETH,19380.0,20398.080437911787,435.23999999999995,2.5,0.0,-435.23999999999995,False,0.8879224799999998,True,True
2025-12-07,137,USDC/WETH,19380.0,20367.808688521272,435.23999999999995,2.5,0.0,356.26868852127245,True,0.8879224799999998,True,True
2025-12-07,137,USDC/WETH,19380.0,20383.302900017683,435.23999999999995,2.5,0.0,371.762900017683,True,0.8879224799999998,True,True
2025-12-07,137,USDC/WETH,19380.0,20427.507436028358,435.23999999999995,2.5,0.0,-435.23999999999995,False,0.8879224799999998,True,True
2025-12-07,137,USDC/WETH,19380.0,20525.35822488909,435.23999999999995,2.5,0.0,513.8182248890889,True,0.8879224799999998,True,True
2025-12-07,137,USDC/WETH,19380.0,20263.942294355526,435.23999999999995,2.5,0.0,252.40229435552556,True,0.8879224799999998,True,True
2025-12-07,137,USDC/WETH,19380.0,20486.291645194837,435.23999999999995,2.5,0.0,474.7516451948368,True,0.8879224799999998,True,True
2025-12-07,137,USDC/WETH,19380.0,20405.484628802165,435.23999999999995,2.5,0.0,-435.23999999999995,False,0.8879224799999998,True,True
2025-12-07,137,USDC/WETH,19380.0,20224.7504314054,435.23999999999995,2.5,0.0,-435.23999999999995,False,0.8879224799999998,True,True
2025-12-07,137,USDC/WETH,19380.0,20372.047835392717,435.23999999999995,2.5,0.0,-435.23999999999995,False,0.8879224799999998,True,True
2025-12-07,137,USDC/WETH,18190.598217075425,18873.565943587433,435.23999999999995,2.5,0.0,63.32174434125386,True,0.8879272376071315,True,True
2025-12-07,137,USDC/WETH,19380.0,20180.862696210883,435.23999999999995,2.5,0.0,169.3226962108829,True,0.8879224799999998,True,True
2025-12-07,137,USDC/WETH,18551.031254998044,19261.332102519023,435.23999999999995,2.5,0.0,87.05053497099857,True,0.8879257958749799,True,True
2025-12-07,137,USDC/WETH,19380.0,20180.12808927839,435.23999999999995,2.5,0.0,168.58808927839073,True,0.8879224799999998,True,True
2025-12-07,137,USDC/WETH,19380.0,20275.71701268854,435.23999999999995,2.5,0.0,264.17701268853943,True,0.8879224799999998,True,True
2025-12-07,137,USDC/WETH,19380.0,20177.5822384897,435.23999999999995,2.5,0.0,166.04223848970014,True,0.8879224799999998,True,True
2025-12-07,137,USDC/WETH,19372.178111420224,20146.75248661236,435.23999999999995,2.5,0.0,143.1125940779341,True,0.8879225112875542,True,True
2025-12-07,137,USDC/WETH,19380.0,20340.647473506197,435.23999999999995,2.5,0.0,329.1074735061966,True,0.8879224799999998,True,True
2025-12-07,137,USDC/WETH,19380.0,20421.65567935627,435.23999999999995,2.5,0.0,-435.23999999999995,False,0.8879224799999998,True,True
2025-12-07,137,USDC/WETH,19380.0,20484.564433828644,435.23999999999995,2.5,0.0,473.02443382864385,True,0.8879224799999998,True,True
2025-12-07,137,USDC/WETH,19380.0,20304.10461038628,435.23999999999995,2.5,0.0,292.5646103862791,True,0.8879224799999998,True,True
2025-12-07,137,USDC/WETH,19380.0,20185.59390810841,435.23999999999995,2.5,0.0,174.05390810841072,True,0.8879224799999998,True,True
2025-12-07,137,USDC/WETH,18892.28878532407,19628.96283186294,435.23999999999995,2.5,0.0,110.01115868562772,True,0.8879244308448586,True,True
2025-12-07,137,USDC/WETH,19380.0,20267.347551435403,435.23999999999995,2.5,0.0,255.80755143540318,True,0.8879224799999998,True,True
2025-12-07,137,USDC/WETH,19380.0,20533.702248247468,435.23999999999995,2.5,0.0,522.1622482474677,True,0.8879224799999998,True,True
2025-12-07,137,USDC/WETH,19380.0,20441.719082099295,435.23999999999995,2.5,0.0,430.17908209929465,True,0.8879224799999998,True,True
2025-12-07,137,USDC/WETH,17300.984713126592,17918.784655425537,435.23999999999995,2.5,0.0,7.050095167679274,True,0.8584317477379403,True,True
2025-12-07,137,USDC/WETH,19380.0,20541.497907034955,435.23999999999995,2.5,0.0,529.9579070349546,True,0.8879224799999998,True,True
2025-12-07,137,USDC/WETH,19380.0,20362.32416817975,435.23999999999995,2.5,0.0,350.78416817975176,True,0.8879224799999998,True,True
2025-12-07,137,USDC/WETH,19380.0,20452.521891488108,435.23999999999995,2.5,0.0,440.981891488108,True,0.8879224799999998,True,True
2025-12-07,137,USDC/WETH,19380.0,20322.80334720165,435.23999999999995,2.5,0.0,311.2633472016505,True,0.8879224799999998,True,True
2025-12-07,137,USDC/WETH,19380.0,20384.50125443082,435.23999999999995,2.5,0.0,372.9612544308193,True,0.8879224799999998,True,True
2025-12-07,137,USDC/WETH,19380.0,20542.32022263076,435.23999999999995,2.5,0.0,530.7802226307585,True,0.8879224799999998,True,True
2025-12-07,137,USDC/WETH,19380.0,20514.576147916807,435.23999999999995,2.5,0.0,503.03614791680684,True,0.8879224799999998,True,True
2025-12-07,137,USDC/WETH,18074.86224462647,18749.166981803402,435.23999999999995,2.5,0.0,55.81611473066698,True,0.8879277005510214,True,True
2025-12-07,137,USDC/WETH,18945.0275073417,19685.82021581215,435.23999999999995,2.5,0.0,113.60243339703277,True,0.8879242198899705,True,True
2025-12-07,137,USDC/WETH,19380.0,20353.537307431507,435.23999999999995,2.5,0.0,-435.23999999999995,False,0.8879224799999998,True,True
2025-12-07,137,USDC/WETH,19380.0,20345.495073579375,435.23999999999995,2.5,0.0,333.9550735793755,True,0.8879224799999998,True,True
2025-12-07,137,USDC/WETH,18405.622837295054,19104.832232607245,435.23999999999995,2.5,0.0,77.41316693924068,True,0.8879263775086507,True,True
2025-12-07,137,USDC/WETH,19380.0,20274.93964253622,435.23999999999995,2.5,0.0,263.3996425362211,True,0.8879224799999998,True,True
2025-12-07,137,USDC/WETH,19380.0,20175.796800675118,435.23999999999995,2.5,0.0,164.25680067511803,True,0.8879224799999998,True,True
2025-12-07,137,USDC/WETH,19097.07128906168,19849.802211289763,435.23999999999995,2.5,0.0,124.02020933746508,True,0.8879236117148437,True,True
2025-12-07,137,USDC/WETH,19380.0,20419.241871009213,435.23999999999995,2.5,0.0,407.7018710092134,True,0.8879224799999998,True,True
2025-12-07,137,USDC/WETH,19380.0,20522.802257015603,435.23999999999995,2.5,0.0,511.2622570156027,True,0.8879224799999998,True,True
2025-12-07,137,USDC/WETH,19380.0,20207.16182610337,435.23999999999995,2.5,0.0,-435.23999999999995,False,0.8879224799999998,True,True
2025-12-07,137,USDC/WETH,18591.931020016436,19305.367344171336,435.23999999999995,2.5,0.0,89.7770139547356,True,0.8879256322759198,True,True
2025-12-07,137,USDC/WETH,19067.87969898686,19818.311146283115,435.23999999999995,2.5,0.0,122.0126503063857,True,0.8879237284812039,True,True
2025-12-07,137,USDC/WETH,19380.0,20430.47765899206,435.23999999999995,2.5,0.0,418.93765899205846,True,0.8879224799999998,True,True
2025-12-07,137,USDC/WETH,19380.0,20516.611916201924,435.23999999999995,2.5,0.0,-435.23999999999995,False,0.8879224799999998,True,True
2025-12-07,137,USDC/WETH,19380.0,20526.53653551596,435.23999999999995,2.5,0.0,514.9965355159593,True,0.8879224799999998,True,True
2025-12-07,137,USDC/WETH,19380.0,20211.50846776042,435.23999999999995,2.5,0.0,-435.23999999999995,False,0.8879224799999998,True,True
2025-12-08,137,USDC/WETH,19360.0,20194.658226622094,449.28000000000003,2.5,0.0,189.27822662209394,True,0.8859225599999999,True,True
2025-12-08,137,USDC/WETH,19360.0,20511.102786796986,449.28000000000003,2.5,0.0,505.72278679698604,True,0.8859225599999999,True,True
2025-12-08,137,USDC/WETH,19360.0,20253.893684752253,449.28000000000003,2.5,0.0,248.51368475225274,True,0.8859225599999999,True,True
2025-12-08,137,USDC/WETH,19360.0,20510.523529130885,449.28000000000003,2.5,0.0,505.14352913088544,True,0.8859225599999999,True,True
2025-12-08,137,USDC/WETH,17863.201304249727,18522.486347299622,449.28000000000003,2.5,0.0,28.87303000739746,True,0.8859285471947829,True,True
2025-12-08,137,USDC/WETH,19360.0,20488.97961602418,449.28000000000003,2.5,0.0,483.59961602417854,True,0.8859225599999999,True,True
2025-12-08,137,USDC/WETH,19001.485771527794,19747.470196167407,449.28000000000003,2.5,0.0,104.18956692433528,True,0.8859239940569138,True,True
2025-12-08,137,USDC/WETH,19360.0,20292.664337211838,449.28000000000003,2.5,0.0,-449.28000000000003,False,0.8859225599999999,True,True
2025-12-08,137,USDC/WETH,19360.0,20218.363925876874,449.28000000000003,2.5,0.0,212.98392587687442,True,0.8859225599999999,True,True
2025-12-08,137,USDC/WETH,19360.0,20405.256019774486,449.28000000000003,2.5,0.0,399.87601977448605,True,0.8859225599999999,True,True
2025-12-08,137,USDC/WETH,17915.10709936457,18578.22912907883,449.28000000000003,2.5,0.0,32.19095872061507,True,0.8859283395716024,True,True
2025-12-08,137,USDC/WETH,19360.0,20421.817765557047,449.28000000000003,2.5,0.0,416.4377655570471,True,0.8859225599999999,True,True
2025-12-08,137,USDC/WETH,19360.0,20272.327847798002,449.28000000000003,2.5,0.0,266.94784779800204,True,0.8859225599999999,True,True
2025-12-08,137,USDC/WETH,19360.0,20361.259188867214,449.28000000000003,2.5,0.0,-449.28000000000003,False,0.8859225599999999,True,True
2025-12-08,137,USDC/WETH,19360.0,20299.231127181432,449.28000000000003,2.5,0.0,-449.28000000000003,False,0.8859225599999999,True,True
2025-12-08,137,USDC/WETH,19360.0,20365.04281774813,449.28000000000003,2.5,0.0,359.6628177481299,True,0.8859225599999999,True,True
2025-12-08,137,USDC/WETH,19360.0,20446.39193748642,449.28000000000003,2.5,0.0,-449.28000000000003,False,0.8859225599999999,True,True
2025-12-08,137,USDC/WETH,19360.0,20465.412484757977,449.28000000000003,2.5,0.0,460.03248475797693,True,0.8859225599999999,True,True
2025-12-08,137,USDC/WETH,19360.0,20325.79080113587,449.28000000000003,2.5,0.0,320.41080113587043,True,0.8859225599999999,True,True
2025-12-08,137,USDC/WETH,19360.0,20175.488189369124,449.28000000000003,2.5,0.0,170.10818936912358,True,0.8859225599999999,True,True
2025-12-08,137,USDC/WETH,19360.0,20378.326161091147,449.28000000000003,2.5,0.0,372.9461610911468,True,0.8859225599999999,True,True
2025-12-08,137,USDC/WETH,18752.708647519303,19479.28732854977,449.28000000000003,2.5,0.0,87.27159455527408,True,0.8859249891654098,True,True
2025-12-08,137,USDC/WETH,19360.0,20268.461135112906,449.28000000000003,2.5,0.0,-449.28000000000003,False,0.8859225599999999,True,True
2025-12-08,137,USDC/WETH,19360.0,20179.05521075677,449.28000000000003,2.5,0.0,-449.28000000000003,False,0.8859225599999999,True,True
2025-12-08,137,USDC/WETH,19360.0,20166.68500301681,449.28000000000003,2.5,0.0,161.3050030168098,True,0.8859225599999999,True,True
2025-12-08,137,USDC/WETH,19360.0,20521.34259528251,449.28000000000003,2.5,0.0,515.9625952825091,True,0.8859225599999999,True,True
2025-12-08,137,USDC/WETH,19360.0,20458.595840178874,449.28000000000003,2.5,0.0,453.2158401788739,True,0.8859225599999999,True,True
2025-12-08,137,USDC/WETH,19037.02092962868,19785.798131850006,449.28000000000003,2.5,0.0,106.62699292503794,True,0.8859238519162814,True,True
2025-12-08,137,USDC/WETH,19360.0,20355.197487985653,449.28000000000003,2.5,0.0,349.81748798565343,True,0.8859225599999999,True,True
2025-12-08,137,USDC/WETH,19360.0,20429.047251551467,449.28000000000003,2.5,0.0,423.6672515514666,True,0.8859225599999999,True,True
2025-12-08,137,USDC/WETH,19360.0,20161.74657826346,449.28000000000003,2.5,0.0,-449.28000000000003,False,0.8859225599999999,True,True
2025-12-08,137,USDC/WETH,19360.0,20506.106328652397,449.28000000000003,2.5,0.0,500.7263286523968,True,0.8859225599999999,True,True
2025-12-08,137,USDC/WETH,19360.0,20434.794300894104,449.28000000000003,2.5,0.0,429.4143008941038,True,0.8859225599999999,True,True
2025-12-08,137,USDC/WETH,19360.0,20258.6290735825,449.28000000000003,2.5,0.0,253.24907358249868,True,0.8859225599999999,True,True
2025-12-08,137,USDC/WETH,18223.593036032195,18909.74870368286,449.28000000000003,2.5,0.0,52.1397372903441,True,0.8859271056278558,True,True
2025-12-08,137,USDC/WETH,19360.0,20496.705931164408,449.28000000000003,2.5,0.0,491.32593116440796,True,0.8859225599999999,True,True
2025-12-08,137,USDC/WETH,19360.0,20457.05499936351,449.28000000000003,2.5,0.0,451.67499936351044,True,0.8859225599999999,True,True
2025-12-08,137,USDC/WETH,19360.0,20284.734278196687,449.28000000000003,2.5,0.0,279.35427819668723,True,0.8859225599999999,True,True
2025-12-08,137,USDC/WETH,19360.0,20217.75634943152,449.28000000000003,2.5,0.0,212.37634943152182,True,0.8859225599999999,True,True
2025-12-08,137,USDC/WETH,19360.0,20152.67906840486,449.28000000000003,2.5,0.0,147.29906840486103,True,0.8859225599999999,True,True
2025-12-08,137,USDC/WETH,19360.0,20154.102434631193,449.28000000000003,2.5,0.0,-449.28000000000003,False,0.8859225599999999,True,True
2025-12-08,137,USDC/WETH,19360.0,20319.493704347286,449.28000000000003,2.5,0.0,314.11370434728553,True,0.8859225599999999,True,True
2025-12-08,137,USDC/WETH,19360.0,20472.476662834175,449.28000000000003,2.5,0.0,467.09666283417494,True,0.8859225599999999,True,True
2025-12-08,137,USDC/WETH,19360.0,20358.7821979011,449.28000000000003,2.5,0.0,353.4021979010987,True,0.8859225599999999,True,True
2025-12-08,137,USDC/WETH,19360.0,20312.91370639224,449.28000000000003,2.5,0.0,-449.28000000000003,False,0.8859225599999999,True,True
2025-12-08,137,USDC/WETH,19360.0,20249.691276003712,449.28000000000003,2.5,0.0,244.31127600371212,True,0.8859225599999999,True,True
2025-12-08,137,USDC/WETH,19360.0,20201.802242021386,449.28000000000003,2.5,0.0,196.4222420213856,True,0.8859225599999999,True,True
2025-12-08,137,USDC/WETH,19360.0,20489.897231723833,449.28000000000003,2.5,0.0,484.5172317238331,True,0.8859225599999999,True,True
2025-12-08,137,USDC/WETH,19099.624761842544,19853.334815650785,449.28000000000003,2.5,0.0,110.93380618981587,True,0.8859236015009525,True,True
2025-12-08,137,USDC/WETH,18336.404418919283,19031.081540849373,449.28000000000003,2.5,0.0,59.533077740897056,True,0.8859266543823242,True,True
2025-12-08,137,USDC/WETH,19360.0,20511.16571655845,449.28000000000003,2.5,0.0,505.7857165584511,True,0.8859225599999999,True,True
2025-12-08,137,USDC/WETH,19360.0,20323.81827187185,449.28000000000003,2.5,0.0,318.438271871849,True,0.8859225599999999,True,True
2025-12-08,137,USDC/WETH,19360.0,20259.729414437916,449.28000000000003,2.5,0.0,254.3494144379157,True,0.8859225599999999,True,True
2025-12-08,137,USDC/WETH,19360.0,20251.449235207874,449.28000000000003,2.5,0.0,-449.28000000000003,False,0.8859225599999999,True,True
2025-12-08,137,USDC/WETH,18879.16508838086,19615.57598597247,449.28000000000003,2.5,0.0,95.83924670780107,True,0.8859244833396464,True,True
2025-12-08,137,USDC/WETH,18586.553754818637,19300.314045068146,449.28000000000003,2.5,0.0,76.11475270132269,True,0.8859256537849807,True,True
2025-12-08,137,USDC/WETH,19360.0,20335.678820660192,449.28000000000003,2.5,0.0,330.2988206601923,True,0.8859225599999999,True,True
2025-12-08,137,USDC/WETH,19360.0,20395.624273454625,449.28000000000003,2.5,0.0,390.24427345462493,True,0.8859225599999999,True,True
2025-12-08,137,USDC/WETH,19360.0,20351.05162988453,449.28000000000003,2.5,0.0,345.67162988452867,True,0.8859225599999999,True,True
2025-12-08,137,USDC/WETH,18745.005838168618,19470.987746997078,449.28000000000003,2.5,0.0,86.75185044677414,True,0.8859250199766472,True,True
2025-12-08,137,USDC/WETH,19360.0,20367.33987630246,449.28000000000003,2.5,0.0,-449.28000000000003,False,0.8859225599999999,True,True
2025-12-08,137,USDC/WETH,19093.99773438322,19847.26374570684,449.28000000000003,2.5,0.0,110.54603397978747,True,0.8859236240090623,True,True
2025-12-08,137,USDC/WETH,19360.0,20518.573652559902,449.28000000000003,2.5,0.0,513.1936525599023,True,0.8859225599999999,True,True
2025-12-08,137,USDC/WETH,19360.0,20145.782985664937,449.28000000000003,2.5,0.0,140.40298566493686,True,0.8859225599999999,True,True
2025-12-08,137,USDC/WETH,19360.0,20478.970680207865,449.28000000000003,2.5,0.0,473.5906802078654,True,0.8859225599999999,True,True
2025-12-08,137,USDC/WETH,19360.0,20139.078269214533,449.28000000000003,2.5,0.0,133.69826921453307,True,0.8859225599999999,True,True
2025-12-08,137,USDC/WETH,19360.0,20421.882168641987,449.28000000000003,2.5,0.0,416.50216864198694,True,0.8859225599999999,True,True
2025-12-09,137,USDC/WETH,18660.8094270627,19381.028265683493,463.32,2.5,0.0,67.7907443501656,True,0.8839253567622917,True,True
2025-12-09,137,USDC/WETH,19340.0,20266.892256743497,463.32,2.5,0.0,267.6722567434965,True,0.8839226399999999,True,True
2025-12-09,137,USDC/WETH,19340.0,20151.66640685461,463.32,2.5,0.0,152.44640685460877,True,0.8839226399999999,True,True
2025-12-09,137,USDC/WETH,19340.0,20479.730388854132,463.32,2.5,0.0,480.51038885413186,True,0.8839226399999999,True,True
2025-12-09,137,USDC/WETH,19340.0,20476.365802079225,463.32,2.5,0.0,477.1458020792245,True,0.8839226399999999,True,True
2025-12-09,137,USDC/WETH,19340.0,20232.091279240856,463.32,2.5,0.0,232.8712792408562,True,0.8839226399999999,True,True
2025-12-09,137,USDC/WETH,19340.0,20434.74241527363,463.32,2.5,0.0,435.52241527363117,True,0.8839226399999999,True,True
2025-12-09,137,USDC/WETH,19340.0,20380.827737654876,463.32,2.5,0.0,381.6077376548758,True,0.8839226399999999,True,True
2025-12-09,137,USDC/WETH,18169.58971030252,18852.390103768354,463.32,2.5,0.0,-463.32,False,0.8839273216411587,True,True
2025-12-09,137,USDC/WETH,19340.0,20345.847464578754,463.32,2.5,0.0,346.6274645787537,True,0.8839226399999999,True,True
2025-12-09,137,USDC/WETH,19319.257093141892,20091.198550496418,463.32,2.5,0.0,112.92888642310663,True,0.8839227229716273,True,True
2025-12-09,137,USDC/WETH,19340.0,20192.575288869906,463.32,2.5,0.0,193.3552888699062,True,0.8839226399999999,True,True
2025-12-09,137,USDC/WETH,18280.570825764335,18971.73787791694,463.32,2.5,0.0,42.54134389496335,True,0.8839268777166969,True,True
2025-12-09,137,USDC/WETH,19340.0,20270.4846403081,463.32,2.5,0.0,271.26464030809916,True,0.8839226399999999,True,True
2025-12-09,137,USDC/WETH,19340.0,20318.511981697546,463.32,2.5,0.0,319.2919816975457,True,0.8839226399999999,True,True
2025-12-09,137,USDC/WETH,18618.219534990603,19335.154589081823,463.32,2.5,0.0,64.93285874131402,True,0.8839255271218599,True,True
2025-12-09,137,USDC/WETH,19315.27080854899,20086.89373803727,463.32,2.5,0.0,112.65022140278973,True,0.8839227389167656,True,True
2025-12-09,137,USDC/WETH,19340.0,20469.922564120072,463.32,2.5,0.0,470.7025641200719,True,0.8839226399999999,True,True
2025-12-09,137,USDC/WETH,19340.0,20271.618369000334,463.32,2.5,0.0,272.39836900033447,True,0.8839226399999999,True,True
2025-12-09,137,USDC/WETH,19340.0,20136.25501110068,463.32,2.5,0.0,137.0350111006785,True,0.8839226399999999,True,True
2025-12-09,137,USDC/WETH,19340.0,20364.41706730517,463.32,2.5,0.0,365.1970673051703,True,0.8839226399999999,True,True
2025-12-09,137,USDC/WETH,19080.430166623828,19833.403931553315,463.32,2.5,0.0,-463.32,False,0.8839236782793334,True,True
2025-12-09,137,USDC/WETH,19340.0,20331.184769191314,463.32,2.5,0.0,331.9647691913135,True,0.8839226399999999,True,True
2025-12-09,137,USDC/WETH,19340.0,20445.26145939624,463.32,2.5,0.0,446.0414593962389,True,0.8839226399999999,True,True
2025-12-09,137,USDC/WETH,18369.592133029,19067.50715915897,463.32,2.5,0.0,-463.32,False,0.8839265216314678,True,True
2025-12-09,137,USDC/WETH,19340.0,20429.63392889902,463.32,2.5,0.0,430.4139288990202,True,0.8839226399999999,True,True
2025-12-09,137,USDC/WETH,19340.0,20422.01008230993,463.32,2.5,0.0,422.790082309931,True,0.8839226399999999,True,True
2025-12-09,137,USDC/WETH,19340.0,20489.992197527936,463.32,2.5,0.0,490.77219752793576,True,0.8839226399999999,True,True
2025-12-09,137,USDC/WETH,19340.0,20324.848139229274,463.32,2.5,0.0,-463.32,False,0.8839226399999999,True,True
2025-12-09,137,USDC/WETH,19340.0,20255.62727365817,463.32,2.5,0.0,256.4072736581704,True,0.8839226399999999,True,True
2025-12-09,137,USDC/WETH,19340.0,20421.67481908984,463.32,2.5,0.0,422.4548190898397,True,0.8839226399999999,True,True
2025-12-09,137,USDC/WETH,19340.0,20351.89437852569,463.32,2.5,0.0,352.6743785256888,True,0.8839226399999999,True,True
2025-12-09,137,USDC/WETH,19340.0,20472.3527256127,463.32,2.5,0.0,-463.32,False,0.8839226399999999,True,True
2025-12-09,137,USDC/WETH,19340.0,20448.735425620656,463.32,2.5,0.0,449.5154256206563,True,0.8839226399999999,True,True
2025-12-09,137,USDC/WETH,19340.0,20238.791349548923,463.32,2.5,0.0,239.57134954892285,True,0.8839226399999999,True,True
2025-12-09,137,USDC/WETH,18700.240722179005,19423.50649894724,463.32,2.5,0.0,70.44336954644575,True,0.8839251990371112,True,True
2025-12-09,137,USDC/WETH,19340.0,20484.350269439372,463.32,2.5,0.0,485.1302694393719,True,0.8839226399999999,True,True
2025-12-09,137,USDC/WETH,19340.0,20468.518256235806,463.32,2.5,0.0,469.29825623580587,True,0.8839226399999999,True,True
2025-12-09,137,USDC/WETH,19340.0,20337.970989685844,463.32,2.5,0.0,338.75098968584393,True,0.8839226399999999,True,True
2025-12-09,137,USDC/WETH,19340.0,20399.434075979214,463.32,2.5,0.0,400.21407597921393,True,0.8839226399999999,True,True
2025-12-09,137,USDC/WETH,18424.329479205633,19126.40996888159,463.32,2.5,0.0,52.01719488390188,True,0.883926302682083,True,True
2025-12-09,137,USDC/WETH,19340.0,20298.120095109625,463.32,2.5,0.0,298.9000951096252,True,0.8839226399999999,True,True
2025-12-09,137,USDC/WETH,19340.0,20178.873955253162,463.32,2.5,0.0,179.6539552531624,True,0.8839226399999999,True,True
2025-12-09,137,USDC/WETH,19340.0,20176.752400034657,463.32,2.5,0.0,-463.32,False,0.8839226399999999,True,True
2025-12-09,137,USDC/WETH,19340.0,20182.743894218234,463.32,2.5,0.0,183.52389421823432,True,0.8839226399999999,True,True
2025-12-09,137,USDC/WETH,19340.0,20227.194089805344,463.32,2.5,0.0,227.9740898053435,True,0.8839226399999999,True,True
2025-12-09,137,USDC/WETH,19340.0,20447.73815956393,463.32,2.5,0.0,448.5181595639308,True,0.8839226399999999,True,True
2025-12-09,137,USDC/WETH,19340.0,20351.773441248086,463.32,2.5,0.0,352.55344124808585,True,0.8839226399999999,True,True
2025-12-09,137,USDC/WETH,19340.0,20294.179130224267,463.32,2.5,0.0,294.95913022426726,True,0.8839226399999999,True,True
2025-12-09,137,USDC/WETH,19340.0,20394.822944313022,463.32,2.5,0.0,395.60294431302214,True,0.8839226399999999,True,True
2025-12-09,137,USDC/WETH,19340.0,20490.302539600478,463.32,2.5,0.0,491.08253960047773,True,0.8839226399999999,True,True
2025-12-09,137,USDC/WETH,19340.0,20365.442061849542,463.32,2.5,0.0,366.22206184954234,True,0.8839226399999999,True,True
2025-12-09,137,USDC/WETH,19340.0,20361.605030541024,463.32,2.5,0.0,362.38503054102443,True,0.8839226399999999,True,True
2025-12-09,137,USDC/WETH,19340.0,20471.16609074645,463.32,2.5,0.0,-463.32,False,0.8839226399999999,True,True
2025-12-09,137,USDC/WETH,19340.0,20284.80996590944,463.32,2.5,0.0,285.5899659094405,True,0.8839226399999999,True,True
2025-12-09,137,USDC/WETH,19340.0,20277.433359130646,463.32,2.5,0.0,278.2133591306458,True,0.8839226399999999,True,True
2025-12-09,137,USDC/WETH,18621.414909961848,19338.596074902798,463.32,2.5,0.0,65.14701584133161,True,0.88392551434036,True,True
2025-12-09,137,USDC/WETH,19340.0,20475.868683628247,463.32,2.5,0.0,476.6486836282468,True,0.8839226399999999,True,True
2025-12-09,137,USDC/WETH,19340.0,20445.41859823914,463.32,2.5,0.0,446.1985982391391,True,0.8839226399999999,True,True
2025-12-10,137,USDC/WETH,19320.0,20107.490113938202,477.36,2.5,0.0,-477.36,False,0.8819227199999999,True,True
2025-12-10,137,USDC/WETH,19209.21949082928,19973.182458628155,477.36,2.5,0.0,92.01077289058139,True,0.8819231631220366,True,True
2025-12-10,137,USDC/WETH,19320.0,20196.674684651804,477.36,2.5,0.0,203.6146846518035,True,0.8819227199999999,True,True
2025-12-10,137,USDC/WETH,19320.0,20400.813481948357,477.36,2.5,0.0,407.7534819483566,True,0.8819227199999999,True,True
2025-12-10,137,USDC/WETH,18516.885531107866,19226.77176252019,477.36,2.5,0.0,44.85737610124659,True,0.8819259324578754,True,True
2025-12-10,137,USDC/WETH,19320.0,20135.238612615318,477.36,2.5,0.0,142.17861261531777,True,0.8819227199999999,True,True
2025-12-10,137,USDC/WETH,19320.0,20356.04462944187,477.36,2.5,0.0,362.98462944186883,True,0.8819227199999999,True,True
2025-12-10,137,USDC/WETH,19320.0,20261.10593978221,477.36,2.5,0.0,268.04593978221,True,0.8819227199999999,True,True
2025-12-10,137,USDC/WETH,19320.0,20272.56172689512,477.36,2.5,0.0,279.5017268951209,True,0.8819227199999999,True,True
2025-12-10,137,USDC/WETH,19320.0,20113.037169604537,477.36,2.5,0.0,119.9771696045367,True,0.8819227199999999,True,True
2025-12-10,137,USDC/WETH,19320.0,20178.687123235333,477.36,2.5,0.0,-477.36,False,0.8819227199999999,True,True
2025-12-10,137,USDC/WETH,19320.0,20150.275497413997,477.36,2.5,0.0,157.215497413997,True,0.8819227199999999,True,True
2025-12-10,137,USDC/WETH,19320.0,20182.78043866983,477.36,2.5,0.0,189.72043866982983,True,0.8819227199999999,True,True
2025-12-10,137,USDC/WETH,19320.0,20230.340256946045,477.36,2.5,0.0,237.28025694604491,True,0.8819227199999999,True,True
2025-12-10,137,USDC/WETH,19320.0,20228.54965301611,477.36,2.5,0.0,235.48965301611076,True,0.8819227199999999,True,True
2025-12-10,137,USDC/WETH,19320.0,20235.182760875017,477.36,2.5,0.0,242.1227608750172,True,0.8819227199999999,True,True
2025-12-10,137,USDC/WETH,19320.0,20319.654734158077,477.36,2.5,0.0,326.59473415807713,True,0.8819227199999999,True,True
2025-12-10,137,USDC/WETH,19320.0,20344.75455858358,477.36,2.5,0.0,351.6945585835796,True,0.8819227199999999,True,True
2025-12-10,137,USDC/WETH,19320.0,20213.101281845116,477.36,2.5,0.0,220.04128184511626,True,0.8819227199999999,True,True
2025-12-10,137,USDC/WETH,19320.0,20257.360084693588,477.36,2.5,0.0,264.3000846935878,True,0.8819227199999999,True,True
2025-12-10,137,USDC/WETH,19320.0,20476.801591619675,477.36,2.5,0.0,483.7415916196745,True,0.8819227199999999,True,True
2025-12-10,137,USDC/WETH,19320.0,20395.163300676923,477.36,2.5,0.0,402.10330067692246,True,0.8819227199999999,True,True
2025-12-10,137,USDC/WETH,19320.0,20436.90804237437,477.36,2.5,0.0,-477.36,False,0.8819227199999999,True,True
2025-12-10,137,USDC/WETH,19320.0,20304.901291851023,477.36,2.5,0.0,311.84129185102336,True,0.8819227199999999,True,True
2025-12-10,137,USDC/WETH,19320.0,20136.57254105465,477.36,2.5,0.0,143.51254105465102,True,0.8819227199999999,True,True
2025-12-10,137,USDC/WETH,18545.77376029531,19257.8767092975,477.36,2.5,0.0,46.78521139923703,True,0.8819258169049587,True,True
2025-12-10,137,USDC/WETH,19320.0,20097.09940222636,477.36,2.5,0.0,104.03940222635845,True,0.8819227199999999,True,True
2025-12-10,137,USDC/WETH,19320.0,20215.215203858617,477.36,2.5,0.0,222.15520385861726,True,0.8819227199999999,True,True
2025-12-10,137,USDC/WETH,19320.0,20349.94814329135,477.36,2.5,0.0,356.8881432913489,True,0.8819227199999999,True,True
2025-12-10,137,USDC/WETH,19320.0,20299.618233020952,477.36,2.5,0.0,306.5582330209521,True,0.8819227199999999,True,True
2025-12-10,137,USDC/WETH,19320.0,20186.761983967608,477.36,2.5,0.0,193.70198396760804,True,0.8819227199999999,True,True
2025-12-10,137,USDC/WETH,19320.0,20289.577968952242,477.36,2.5,0.0,-477.36,False,0.8819227199999999,True,True
2025-12-10,137,USDC/WETH,19320.0,20468.14553190637,477.36,2.5,0.0,475.08553190637156,True,0.8819227199999999,True,True
2025-12-10,137,USDC/WETH,18031.117671926884,18704.246459709233,477.36,2.5,0.0,12.95761106307998,True,0.8819278755293122,True,True
2025-12-10,137,USDC/WETH,19320.0,20125.693219446843,477.36,2.5,0.0,132.63321944684265,True,0.8819227199999999,True,True
2025-12-10,137,USDC/WETH,19320.0,20117.47101403796,477.36,2.5,0.0,124.41101403796108,True,0.8819227199999999,True,True
2025-12-10,137,USDC/WETH,19320.0,20129.034892143536,477.36,2.5,0.0,135.97489214353607,True,0.8819227199999999,True,True
2025-12-10,137,USDC/WETH,19320.0,20340.03295129631,477.36,2.5,0.0,346.9729512963107,True,0.8819227199999999,True,True
2025-12-10,137,USDC/WETH,19320.0,20412.218332696484,477.36,2.5,0.0,419.1583326964841,True,0.8819227199999999,True,True
2025-12-10,137,USDC/WETH,19320.0,20156.035908994876,477.36,2.5,0.0,-477.36,False,0.8819227199999999,True,True
2025-12-10,137,USDC/WETH,19320.0,20244.437896504493,477.36,2.5,0.0,251.37789650449247,True,0.8819227199999999,True,True
2025-12-10,137,USDC/WETH,19320.0,20098.95573705822,477.36,2.5,0.0,105.89573705821874,True,0.8819227199999999,True,True
2025-12-10,137,USDC/WETH,18199.565017833273,18885.32933840955,477.36,2.5,0.0,23.908670397943297,True,0.8819272017399286,True,True
2025-12-10,137,USDC/WETH,19320.0,20463.48962298199,477.36,2.5,0.0,470.4296229819896,True,0.8819227199999999,True,True
2025-12-10,137,USDC/WETH,19320.0,20306.37324106499,477.36,2.5,0.0,313.31324106498994,True,0.8819227199999999,True,True
2025-12-10,137,USDC/WETH,19320.0,20440.802506923552,477.36,2.5,0.0,447.7425069235518,True,0.8819227199999999,True,True
2025-12-10,137,USDC/WETH,19320.0,20347.209019556572,477.36,2.5,0.0,354.1490195565724,True,0.8819227199999999,True,True
2025-12-10,137,USDC/WETH,19320.0,20394.518849555985,477.36,2.5,0.0,-477.36,False,0.8819227199999999,True,True
2025-12-10,137,USDC/WETH,19320.0,20208.423612737934,477.36,2.5,0.0,215.36361273793352,True,0.8819227199999999,True,True
2025-12-10,137,USDC/WETH,19320.0,20344.965076260287,477.36,2.5,0.0,351.9050762602868,True,0.8819227199999999,True,True
2025-12-10,137,USDC/WETH,19320.0,20455.80583204101,477.36,2.5,0.0,462.74583204100907,True,0.8819227199999999,True,True
2025-12-10,137,USDC/WETH,19320.0,20392.33356318421,477.36,2.5,0.0,399.27356318420914,True,0.8819227199999999,True,True
2025-12-10,137,USDC/WETH,19320.0,20132.989762121553,477.36,2.5,0.0,139.92976212155315,True,0.8819227199999999,True,True
2025-12-10,137,USDC/WETH,19320.0,20227.531008427846,477.36,2.5,0.0,-477.36,False,0.8819227199999999,True,True
2025-12-10,137,USDC/WETH,19320.0,20280.26540154182,477.36,2.5,0.0,287.20540154181924,True,0.8819227199999999,True,True
2025-12-10,137,USDC/WETH,18957.689874365824,19701.776842011026,477.36,2.5,0.0,74.65006890154382,True,0.8819241692405024,True,True
2025-12-10,137,USDC/WETH,19320.0,20324.49912232716,477.36,2.5,0.0,331.4391223271608,True,0.8819227199999999,True,True
2025-12-10,137,USDC/WETH,19320.0,20422.015416961083,477.36,2.5,0.0,428.9554169610832,True,0.8819227199999999,True,True
2025-12-10,137,USDC/WETH,19320.0,20275.191729097718,477.36,2.5,0.0,282.131729097718,True,0.8819227199999999,True,True
2025-12-10,137,USDC/WETH,19320.0,20299.523759374264,477.36,2.5,0.0,306.463759374264,True,0.8819227199999999,True,True
2025-12-10,137,USDC/WETH,19320.0,20191.3305140726,477.36,2.5,0.0,198.27051407260058,True,0.8819227199999999,True,True
2025-12-10,137,USDC/WETH,19320.0,20204.906333684998,477.36,2.5,0.0,211.8463336849976,True,0.8819227199999999,True,True
2025-12-11,137,USDC/WETH,19300.0,20110.81384951938,491.4,2.5,0.0,123.91384951938164,True,0.8799227999999999,True,True
2025-12-11,137,USDC/WETH,19300.0,20261.990280886515,491.4,2.5,0.0,275.0902808865154,True,0.8799227999999999,True,True
2025-12-11,137,USDC/WETH,19300.0,20332.124154498386,491.4,2.5,0.0,345.22415449838593,True,0.8799227999999999,True,True
2025-12-11,137,USDC/WETH,19300.0,20258.403214475642,491.4,2.5,0.0,271.50321447564204,True,0.8799227999999999,True,True
2025-12-11,137,USDC/WETH,19300.0,20353.97469575985,491.4,2.5,0.0,367.0746957598509,True,0.8799227999999999,True,True
2025-12-11,137,USDC/WETH,19300.0,20328.052596761252,491.4,2.5,0.0,341.1525967612521,True,0.8799227999999999,True,True
2025-12-11,137,USDC/WETH,19300.0,20153.832599364036,491.4,2.5,0.0,166.93259936403558,True,0.8799227999999999,True,True
2025-12-11,137,USDC/WETH,19300.0,20139.767456059464,491.4,2.5,0.0,152.8674560594642,True,0.8799227999999999,True,True
2025-12-11,137,USDC/WETH,19300.0,20212.161726673203,491.4,2.5,0.0,225.26172667320282,True,0.8799227999999999,True,True
2025-12-11,137,USDC/WETH,19300.0,20244.576314851296,491.4,2.5,0.0,257.67631485129607,True,0.8799227999999999,True,True
2025-12-11,137,USDC/WETH,19300.0,20368.238414686806,491.4,2.5,0.0,381.33841468680623,True,0.8799227999999999,True,True
2025-12-11,137,USDC/WETH,19300.0,20377.222105622568,491.4,2.5,0.0,390.3221056225681,True,0.8799227999999999,True,True
2025-12-11,137,USDC/WETH,19300.0,20353.44269389722,491.4,2.5,0.0,366.54269389722106,True,0.8799227999999999,True,True
2025-12-11,137,USDC/WETH,19300.0,20440.39390422373,491.4,2.5,0.0,453.4939042237289,True,0.8799227999999999,True,True
2025-12-11,137,USDC/WETH,18320.250535623258,19015.860027204613,491.4,2.5,0.0,18.506986225123,True,0.8799267189978573,True,True
2025-12-11,137,USDC/WETH,18614.53514544938,19332.671764477713,491.4,2.5,0.0,38.09126757383956,True,0.8799255418594181,True,True
2025-12-11,137,USDC/WETH,18726.162261519963,19452.937708244885,491.4,2.5,0.0,45.61382410972192,True,0.8799250953509539,True,True
2025-12-11,137,USDC/WETH,19300.0,20442.237537386034,491.4,2.5,0.0,-491.4,False,0.8799227999999999,True,True
2025-12-11,137,USDC/WETH,19300.0,20225.86546246582,491.4,2.5,0.0,238.96546246581931,True,0.8799227999999999,True,True
2025-12-11,137,USDC/WETH,19300.0,20410.44182929619,491.4,2.5,0.0,423.5418292961891,True,0.8799227999999999,True,True
2025-12-11,137,USDC/WETH,19300.0,20127.57825373065,491.4,2.5,0.0,140.67825373065136,True,0.8799227999999999,True,True
2025-12-11,137,USDC/WETH,19300.0,20338.838522525217,491.4,2.5,0.0,351.93852252521685,True,0.8799227999999999,True,True
2025-12-11,137,USDC/WETH,19300.0,20400.903601452497,491.4,2.5,0.0,414.00360145249726,True,0.8799227999999999,True,True
2025-12-11,137,USDC/WETH,19300.0,20369.915463786165,491.4,2.5,0.0,383.0154637861648,True,0.8799227999999999,True,True
2025-12-11,137,USDC/WETH,19300.0,20194.009953366363,491.4,2.5,0.0,207.10995336636336,True,0.8799227999999999,True,True
2025-12-11,137,USDC/WETH,19300.0,20453.922218279426,491.4,2.5,0.0,467.0222182794256,True,0.8799227999999999,True,True
2025-12-11,137,USDC/WETH,19300.0,20359.096739215493,491.4,2.5,0.0,372.1967392154926,True,0.8799227999999999,True,True
2025-12-11,137,USDC/WETH,19300.0,20100.762379228538,491.4,2.5,0.0,113.86237922853763,True,0.8799227999999999,True,True
2025-12-11,137,USDC/WETH,19300.0,20146.15047414845,491.4,2.5,0.0,-491.4,False,0.8799227999999999,True,True
2025-12-11,137,USDC/WETH,19300.0,20323.488603247675,491.4,2.5,0.0,-491.4,False,0.8799227999999999,True,True
2025-12-11,137,USDC/WETH,19300.0,20358.652627555053,491.4,2.5,0.0,371.7526275550532,True,0.8799227999999999,True,True
2025-12-11,137,USDC/WETH,19300.0,20422.93910661544,491.4,2.5,0.0,436.0391066154385,True,0.8799227999999999,True,True
2025-12-11,137,USDC/WETH,19300.0,20259.838215529155,491.4,2.5,0.0,272.9382155291547,True,0.8799227999999999,True,True
2025-12-11,137,USDC/WETH,19300.0,20422.05911745386,491.4,2.5,0.0,435.1591174538604,True,0.8799227999999999,True,True
2025-12-11,137,USDC/WETH,19300.0,20418.70044910226,491.4,2.5,0.0,431.8004491022599,True,0.8799227999999999,True,True
2025-12-11,137,USDC/WETH,19300.0,20092.332157991466,491.4,2.5,0.0,105.4321579914664,True,0.8799227999999999,True,True
2025-12-11,137,USDC/WETH,19300.0,20287.532746136356,491.4,2.5,0.0,300.6327461363559,True,0.8799227999999999,True,True
2025-12-11,137,USDC/WETH,19300.0,20261.34861345893,491.4,2.5,0.0,274.44861345892934,True,0.8799227999999999,True,True
2025-12-11,137,USDC/WETH,19300.0,20455.38903659783,491.4,2.5,0.0,468.48903659782957,True,0.8799227999999999,True,True
2025-12-11,137,USDC/WETH,19300.0,20426.794597847045,491.4,2.5,0.0,439.89459784704525,True,0.8799227999999999,True,True
2025-12-11,137,USDC/WETH,19300.0,20262.898907558854,491.4,2.5,0.0,-491.4,False,0.8799227999999999,True,True
2025-12-11,137,USDC/WETH,19300.0,20324.33054854017,491.4,2.5,0.0,337.43054854016884,True,0.8799227999999999,True,True
2025-12-11,137,USDC/WETH,19300.0,20179.257339017007,491.4,2.5,0.0,192.35733901700735,True,0.8799227999999999,True,True
2025-12-11,137,USDC/WETH,19300.0,20392.771035680013,491.4,2.5,0.0,405.8710356800126,True,0.8799227999999999,True,True
2025-12-11,137,USDC/WETH,19300.0,20267.426232076472,491.4,2.5,0.0,280.52623207647196,True,0.8799227999999999,True,True
2025-12-11,137,USDC/WETH,19300.0,20166.856248748954,491.4,2.5,0.0,179.9562487489544,True,0.8799227999999999,True,True
2025-12-11,137,USDC/WETH,19300.0,20272.04825317438,491.4,2.5,0.0,-491.4,False,0.8799227999999999,True,True
2025-12-11,137,USDC/WETH,19300.0,20335.8720646381,491.4,2.5,0.0,348.97206463810073,True,0.8799227999999999,True,True
2025-12-11,137,USDC/WETH,19300.0,20315.58613871447,491.4,2.5,0.0,328.6861387144687,True,0.8799227999999999,True,True
2025-12-11,137,USDC/WETH,19300.0,20231.40601853138,491.4,2.5,0.0,244.50601853137925,True,0.8799227999999999,True,True
2025-12-11,137,USDC/WETH,19300.0,20307.637470508842,491.4,2.5,0.0,320.73747050884197,True,0.8799227999999999,True,True
2025-12-11,137,USDC/WETH,19300.0,20083.188387683,491.4,2.5,0.0,96.28838768299977,True,0.8799227999999999,True,True
2025-12-11,137,USDC/WETH,19300.0,20073.38407636773,491.4,2.5,0.0,86.48407636772902,True,0.8799227999999999,True,True
2025-12-11,137,USDC/WETH,19300.0,20295.236605152826,491.4,2.5,0.0,308.3366051528261,True,0.8799227999999999,True,True
2025-12-11,137,USDC/WETH,19300.0,20374.61807082175,491.4,2.5,0.0,387.71807082175076,True,0.8799227999999999,True,True
2025-12-11,137,USDC/WETH,19300.0,20089.71539338664,491.4,2.5,0.0,102.81539338663936,True,0.8799227999999999,True,True
2025-12-11,137,USDC/WETH,19300.0,20371.255886925286,491.4,2.5,0.0,384.3558869252862,True,0.8799227999999999,True,True
2025-12-11,137,USDC/WETH,19300.0,20306.444021765543,491.4,2.5,0.0,319.5440217655429,True,0.8799227999999999,True,True
2025-12-12,137,USDC/WETH,19280.0,20224.56014239343,505.43999999999994,2.5,0.0,243.8201423934313,True,0.87792288,True,True
2025-12-12,137,USDC/WETH,19280.0,20402.16145758706,505.43999999999994,2.5,0.0,421.42145758705897,True,0.87792288,True,True
2025-12-12,137,USDC/WETH,19280.0,20057.36633558996,505.43999999999994,2.5,0.0,76.6263355899589,True,0.87792288,True,True
2025-12-12,137,USDC/WETH,19280.0,20109.469953984168,505.43999999999994,2.5,0.0,-505.43999999999994,False,0.87792288,True,True
2025-12-12,137,USDC/WETH,19280.0,20110.179397416276,505.43999999999994,2.5,0.0,129.4393974162756,True,0.87792288,True,True
2025-12-12,137,USDC/WETH,19280.0,20374.593381515773,505.43999999999994,2.5,0.0,393.8533815157732,True,0.87792288,True,True
2025-12-12,137,USDC/WETH,19174.914149185715,19937.73019198373,505.43999999999994,2.5,0.0,63.126901306157606,True,0.8779233003434033,True,True
2025-12-12,137,USDC/WETH,18543.369471453305,19256.764806214356,505.43999999999994,2.5,0.0,20.021640046518314,True,0.8779258265221141,True,True
2025-12-12,137,USDC/WETH,19280.0,20427.90822688086,505.43999999999994,2.5,0.0,447.1682268808597,True,0.87792288,True,True
2025-12-12,137,USDC/WETH,19280.0,20351.229644702347,505.43999999999994,2.5,0.0,370.4896447023473,True,0.87792288,True,True
2025-12-12,137,USDC/WETH,19280.0,20137.3117975533,505.43999999999994,2.5,0.0,156.57179755329867,True,0.87792288,True,True
2025-12-12,137,USDC/WETH,19280.0,20228.59417928366,505.43999999999994,2.5,0.0,-505.43999999999994,False,0.87792288,True,True
2025-12-12,137,USDC/WETH,19280.0,20068.73940368804,505.43999999999994,2.5,0.0,87.99940368803959,True,0.87792288,True,True
2025-12-12,137,USDC/WETH,19280.0,20221.67117241602,505.43999999999994,2.5,0.0,240.93117241601954,True,0.87792288,True,True
2025-12-12,137,USDC/WETH,19280.0,20101.105538529224,505.43999999999994,2.5,0.0,120.36553852922384,True,0.87792288,True,True
2025-12-12,137,USDC/WETH,19280.0,20272.13161284115,505.43999999999994,2.5,0.0,291.391612841149,True,0.87792288,True,True
2025-12-12,137,USDC/WETH,19280.0,20155.268125376995,505.43999999999994,2.5,0.0,174.52812537699515,True,0.87792288,True,True
2025-12-12,137,USDC/WETH,19280.0,20229.64416025626,505.43999999999994,2.5,0.0,248.90416025625905,True,0.87792288,True,True
2025-12-12,137,USDC/WETH,19280.0,20301.97597089373,505.43999999999994,2.5,0.0,-505.43999999999994,False,0.87792288,True,True
2025-12-12,137,USDC/WETH,19280.0,20367.840272636106,505.43999999999994,2.5,0.0,387.1002726361055,True,0.87792288,True,True
2025-12-12,137,USDC/WETH,19081.859835845164,19837.29007400873,505.43999999999994,2.5,0.0,56.671639805116456,True,0.8779236725606566,True,True
2025-12-12,137,USDC/WETH,19280.0,20390.392254631886,505.43999999999994,2.5,0.0,409.6522546318863,True,0.87792288,True,True
2025-12-12,137,USDC/WETH,19280.0,20277.456118197773,505.43999999999994,2.5,0.0,-505.43999999999994,False,0.87792288,True,True
2025-12-12,137,USDC/WETH,19280.0,20153.043666229067,505.43999999999994,2.5,0.0,172.30366622906672,True,0.87792288,True,True
2025-12-12,137,USDC/WETH,19280.0,20365.471803291013,505.43999999999994,2.5,0.0,384.7318032910132,True,0.87792288,True,True
2025-12-12,137,USDC/WETH,19280.0,20429.01988336451,505.43999999999994,2.5,0.0,448.27988336451176,True,0.87792288,True,True
2025-12-12,137,USDC/WETH,18350.09077801696,19048.69208831045,505.43999999999994,2.5,0.0,7.160402513322651,True,0.8495306247701144,True,True
2025-12-12,137,USDC/WETH,19280.0,20191.813170538608,505.43999999999994,2.5,0.0,211.07317053860766,True,0.87792288,True,True
2025-12-12,137,USDC/WETH,19280.0,20393.15364285392,505.43999999999994,2.5,0.0,412.4136428539184,True,0.87792288,True,True
2025-12-12,137,USDC/WETH,19280.0,20156.604614298667,505.43999999999994,2.5,0.0,175.864614298667,True,0.87792288,True,True
2025-12-12,137,USDC/WETH,19166.594848799028,19928.749118711912,505.43999999999994,2.5,0.0,62.54832142489386,True,0.8779233336206048,True,True
2025-12-12,137,USDC/WETH,19229.84571636106,19997.038592450375,505.43999999999994,2.5,0.0,66.95441892570648,True,0.8779230806171345,True,True
2025-12-12,137,USDC/WETH,19280.0,20289.9431734102,505.43999999999994,2.5,0.0,-505.43999999999994,False,0.87792288,True,True
2025-12-12,137,USDC/WETH,19280.0,20167.879971607676,505.43999999999994,2.5,0.0,187.13997160767553,True,0.87792288,True,True
2025-12-12,137,USDC/WETH,19280.0,20164.21083675537,505.43999999999994,2.5,0.0,-505.43999999999994,False,0.87792288,True,True
2025-12-12,137,USDC/WETH,19280.0,20306.649887292628,505.43999999999994,2.5,0.0,325.9098872926277,True,0.87792288,True,True
2025-12-12,137,USDC/WETH,19280.0,20399.257252316384,505.43999999999994,2.5,0.0,418.5172523163835,True,0.87792288,True,True
2025-12-12,137,USDC/WETH,19280.0,20263.7738704025,505.43999999999994,2.5,0.0,283.0338704024996,True,0.87792288,True,True
2025-12-12,137,USDC/WETH,19280.0,20090.16202949006,505.43999999999994,2.5,0.0,109.42202949006037,True,0.87792288,True,True
2025-12-12,137,USDC/WETH,19280.0,20332.97142057125,505.43999999999994,2.5,0.0,352.23142057125165,True,0.87792288,True,True
2025-12-12,137,USDC/WETH,19280.0,20101.72512827275,505.43999999999994,2.5,0.0,-505.43999999999994,False,0.87792288,True,True
2025-12-12,137,USDC/WETH,19280.0,20398.12306238414,505.43999999999994,2.5,0.0,417.3830623841402,True,0.87792288,True,True
2025-12-12,137,USDC/WETH,19280.0,20073.150134433614,505.43999999999994,2.5,0.0,92.41013443361385,True,0.87792288,True,True
2025-12-12,137,USDC/WETH,19280.0,20388.937881475904,505.43999999999994,2.5,0.0,408.19788147590384,True,0.87792288,True,True
2025-12-12,137,USDC/WETH,19280.0,20271.595647819137,505.43999999999994,2.5,0.0,290.8556478191365,True,0.87792288,True,True
2025-12-12,137,USDC/WETH,19280.0,20318.381684779175,505.43999999999994,2.5,0.0,337.64168477917497,True,0.87792288,True,True
2025-12-12,137,USDC/WETH,19280.0,20315.00947833788,505.43999999999994,2.5,0.0,334.26947833788086,True,0.87792288,True,True
2025-12-12,137,USDC/WETH,19280.0,20115.031069704233,505.43999999999994,2.5,0.0,134.29106970423322,True,0.87792288,True,True
2025-12-12,137,USDC/WETH,19280.0,20382.758800917698,505.43999999999994,2.5,0.0,-505.43999999999994,False,0.87792288,True,True
2025-12-12,137,USDC/WETH,19280.0,20297.470768532814,505.43999999999994,2.5,0.0,316.73076853281395,True,0.87792288,True,True
2025-12-12,137,USDC/WETH,18749.987198094997,19479.368982179494,505.43999999999994,2.5,0.0,33.94191210354688,True,0.8779250000512077,True,True
2025-12-12,137,USDC/WETH,19280.0,20053.51331850909,505.43999999999994,2.5,0.0,72.773318509089,True,0.87792288,True,True
2025-12-12,137,USDC/WETH,19280.0,20398.131147151205,505.43999999999994,2.5,0.0,417.39114715120536,True,0.87792288,True,True
2025-12-12,137,USDC/WETH,19280.0,20092.070269876294,505.43999999999994,2.5,0.0,111.33026987629432,True,0.87792288,True,True
2025-12-12,137,USDC/WETH,19280.0,20129.997926429634,505.43999999999994,2.5,0.0,149.25792642963438,True,0.87792288,True,True
2025-12-12,137,USDC/WETH,19280.0,20331.739017309366,505.43999999999994,2.5,0.0,350.9990173093663,True,0.87792288,True,True
2025-12-12,137,USDC/WETH,19280.0,20255.673362937665,505.43999999999994,2.5,0.0,274.9333629376649,True,0.87792288,True,True
2025-12-12,137,USDC/WETH,19280.0,20146.438715864922,505.43999999999994,2.5,0.0,165.6987158649224,True,0.87792288,True,True
